BURNUP,TF,TM,BOR,GROUP,ABSORPTION,CAPTURE,FISSION,NU-FISSION,TRANSPORT,OUT-SCATTER,DIFF(1/3TR)
0.0,1242.0,557.0,0.0,1,0.00890617,0.00666089,0.00224528,0.00576696,0.23713,0.0173268,1.4057
0.0,1242.0,557.0,0.0,2,0.0698131,0.0239965,0.0458166,0.111641,0.920269,0.00153048,0.362213
0.1,1242.0,557.0,0.0,1,0.0089417,0.00669682,0.00224488,0.00576607,0.237458,0.0174573,1.40376
0.1,1242.0,557.0,0.0,2,0.0720351,0.0266478,0.0453873,0.11065,0.919468,0.00157345,0.362528
0.5,1242.0,557.0,0.0,1,0.00895642,0.00672296,0.00223345,0.0057445,0.237479,0.0174761,1.40363
0.5,1242.0,557.0,0.0,2,0.0732501,0.0276612,0.0455889,0.111624,0.920804,0.00159611,0.362003
1.0,1242.0,557.0,0.0,1,0.00898104,0.00676212,0.00221892,0.00571707,0.237453,0.0174684,1.40379
1.0,1242.0,557.0,0.0,2,0.0743876,0.0284726,0.045915,0.113018,0.922539,0.0016169,0.361322
2.0,1242.0,557.0,0.0,1,0.00905775,0.00686958,0.00218817,0.00565652,0.237414,0.0174312,1.40402
2.0,1242.0,557.0,0.0,2,0.0762203,0.0298313,0.0463891,0.115243,0.925607,0.00164963,0.360124
3.0,1242.0,557.0,0.0,1,0.00915682,0.00700019,0.00215662,0.00559269,0.237393,0.0173811,1.40414
3.0,1242.0,557.0,0.0,2,0.0777407,0.031047,0.0466937,0.116931,0.928251,0.00167609,0.359098
4.0,1242.0,557.0,0.0,1,0.00926613,0.00714011,0.00212601,0.00553008,0.23738,0.0173248,1.40422
4.0,1242.0,557.0,0.0,2,0.0789901,0.0321291,0.046861,0.118182,0.930547,0.00169723,0.358212
5.0,1242.0,557.0,0.0,1,0.00937789,0.00728159,0.0020963,0.00546882,0.23737,0.0172673,1.40428
5.0,1242.0,557.0,0.0,2,0.0800248,0.0331034,0.0469214,0.119089,0.932562,0.00171419,0.357438
6.0,1242.0,557.0,0.0,1,0.00948811,0.00742059,0.00206752,0.00540918,0.237361,0.0172112,1.40433
6.0,1242.0,557.0,0.0,2,0.0808855,0.0339887,0.0468968,0.119721,0.934344,0.00172781,0.356757
7.0,1242.0,557.0,0.0,1,0.00959458,0.00755496,0.00203962,0.00535103,0.23735,0.0171579,1.40439
7.0,1242.0,557.0,0.0,2,0.081602,0.0347987,0.0468033,0.120125,0.935931,0.00173868,0.356152
8.0,1242.0,557.0,0.0,1,0.00969624,0.0076836,0.00201265,0.00529461,0.237338,0.0171082,1.40446
8.0,1242.0,557.0,0.0,2,0.0821972,0.035544,0.0466532,0.12034,0.937351,0.00174728,0.355612
9.0,1242.0,557.0,0.0,1,0.00979285,0.00780635,0.0019865,0.00523965,0.237326,0.0170621,1.40454
9.0,1242.0,557.0,0.0,2,0.0826882,0.0362326,0.0464556,0.120393,0.93863,0.00175393,0.355127
10.0,1242.0,557.0,0.0,1,0.00988441,0.0079233,0.00196111,0.00518604,0.237312,0.0170197,1.40462
10.0,1242.0,557.0,0.0,2,0.0830897,0.0368713,0.0462184,0.120309,0.939786,0.0017589,0.354691
11.0,1242.0,557.0,0.0,1,0.00997138,0.00803482,0.00193655,0.00513403,0.237296,0.0169804,1.40471
11.0,1242.0,557.0,0.0,2,0.0834132,0.0374656,0.0459476,0.120106,0.940835,0.00176243,0.354295
12.5,1242.0,557.0,0.0,1,0.0100933,0.00819199,0.00190129,0.00505911,0.237272,0.0169275,1.40486
12.5,1242.0,557.0,0.0,2,0.0837691,0.0382812,0.0454879,0.11961,0.942226,0.00176535,0.353772
15.0,1242.0,557.0,0.0,1,0.0102768,0.00843092,0.00184593,0.00494083,0.237225,0.016853,1.40514
15.0,1242.0,557.0,0.0,2,0.0840994,0.0394762,0.0446232,0.118401,0.944158,0.00176545,0.353048
17.5,1242.0,557.0,0.0,1,0.0104442,0.00865113,0.00179308,0.00482646,0.237177,0.0167904,1.40542
17.5,1242.0,557.0,0.0,2,0.0841848,0.0405103,0.0436746,0.116836,0.945748,0.00176094,0.352455
20.0,1242.0,557.0,0.0,1,0.0105972,0.00885336,0.00174384,0.00471892,0.237126,0.0167378,1.40572
20.0,1242.0,557.0,0.0,2,0.0840805,0.0414065,0.042674,0.115018,0.947053,0.00175298,0.351969
22.5,1242.0,557.0,0.0,1,0.0107393,0.00904125,0.001698,0.00461796,0.237071,0.0166924,1.40605
22.5,1242.0,557.0,0.0,2,0.08384,0.0421893,0.0416508,0.113036,0.94813,0.00174259,0.351569
25.0,1242.0,557.0,0.0,1,0.0108728,0.00921687,0.00165588,0.00452454,0.237013,0.0166521,1.40639
25.0,1242.0,557.0,0.0,2,0.0835072,0.0428783,0.0406289,0.110967,0.949024,0.00173063,0.351238
27.5,1242.0,557.0,0.0,1,0.0109987,0.00938167,0.00161707,0.00443784,0.23695,0.0166158,1.40676
27.5,1242.0,557.0,0.0,2,0.0831172,0.0434895,0.0396278,0.108872,0.949768,0.00171777,0.350963
30.0,1242.0,557.0,0.0,1,0.0111177,0.00953658,0.00158114,0.00435702,0.236883,0.016583,1.40716
30.0,1242.0,557.0,0.0,2,0.0826988,0.0440357,0.0386631,0.106803,0.950388,0.00170458,0.350734
32.5,1242.0,557.0,0.0,1,0.0112299,0.0096817,0.00154821,0.00428252,0.236811,0.0165528,1.40759
32.5,1242.0,557.0,0.0,2,0.0822755,0.0445277,0.0377478,0.104802,0.950902,0.00169153,0.350544
35.0,1242.0,557.0,0.0,1,0.0113352,0.00981691,0.0015183,0.00421456,0.236732,0.016525,1.40806
35.0,1242.0,557.0,0.0,2,0.0818654,0.0449744,0.036891,0.1029,0.951327,0.00167897,0.350388
37.5,1242.0,557.0,0.0,1,0.0114355,0.00994409,0.00149138,0.00415315,0.236647,0.016498,1.40857
37.5,1242.0,557.0,0.0,2,0.0814823,0.0453831,0.0360992,0.101122,0.951675,0.00166717,0.35026
40.0,1242.0,557.0,0.0,1,0.0115313,0.0100641,0.00146722,0.00409792,0.236555,0.0164711,1.40911
40.0,1242.0,557.0,0.0,2,0.0811369,0.0457602,0.0353767,0.0994855,0.951958,0.00165633,0.350156
42.5,1242.0,557.0,0.0,1,0.011623,0.0101774,0.00144562,0.00404845,0.236457,0.0164439,1.4097
42.5,1242.0,557.0,0.0,2,0.0808368,0.0461114,0.0347254,0.0980008,0.952184,0.0016466,0.350072
45.0,1242.0,557.0,0.0,1,0.0117109,0.0102844,0.00142649,0.00400461,0.236352,0.0164161,1.41032
45.0,1242.0,557.0,0.0,2,0.0805865,0.046441,0.0341455,0.0966737,0.952362,0.00163806,0.350007
47.5,1242.0,557.0,0.0,1,0.0117951,0.0103854,0.00140969,0.00396617,0.236241,0.0163876,1.41099
47.5,1242.0,557.0,0.0,2,0.0803883,0.0467529,0.0336354,0.0955045,0.952498,0.00163074,0.349957
50.0,1242.0,557.0,0.0,1,0.011876,0.0104809,0.00139505,0.00393276,0.236124,0.0163581,1.41169
50.0,1242.0,557.0,0.0,2,0.0802421,0.0470501,0.033192,0.0944896,0.952598,0.00162463,0.34992
52.5,1242.0,557.0,0.0,1,0.0119536,0.0105712,0.00138235,0.00390392,0.236001,0.0163277,1.41243
52.5,1242.0,557.0,0.0,2,0.0801464,0.0473349,0.0328115,0.0936218,0.952667,0.00161968,0.349895
55.0,1242.0,557.0,0.0,1,0.0120281,0.0106567,0.00137141,0.00387923,0.235872,0.0162965,1.4132
55.0,1242.0,557.0,0.0,2,0.0800984,0.0476093,0.0324891,0.0928923,0.95271,0.00161583,0.349879
57.5,1242.0,557.0,0.0,1,0.0120997,0.0107376,0.00136203,0.00385826,0.235738,0.0162645,1.414
57.5,1242.0,557.0,0.0,2,0.0800944,0.0478745,0.0322199,0.0922902,0.95273,0.00161299,0.349872
60.0,1242.0,557.0,0.0,1,0.0121684,0.0108144,0.00135403,0.00384061,0.235599,0.0162318,1.41483
60.0,1242.0,557.0,0.0,2,0.0801303,0.0481318,0.0319986,0.0918041,0.95273,0.00161108,0.349872
0.0,1242.0,557.0,200.0,1,0.00897738,0.0067293,0.00224808,0.00577328,0.237406,0.0173951,1.40406
0.0,1242.0,557.0,200.0,2,0.0717308,0.0260595,0.0456712,0.111287,0.919452,0.00156536,0.362535
0.1,1242.0,557.0,200.0,1,0.00901236,0.00676478,0.00224758,0.00577219,0.237724,0.0175218,1.40219
0.1,1242.0,557.0,200.0,2,0.0739518,0.0287059,0.0452458,0.110307,0.918664,0.00160835,0.362846
0.5,1242.0,557.0,200.0,1,0.0090271,0.00679084,0.00223626,0.00575102,0.23774,0.0175383,1.40209
0.5,1242.0,557.0,200.0,2,0.0751984,0.0297312,0.0454672,0.111336,0.920026,0.00163162,0.362309
1.0,1242.0,557.0,200.0,1,0.00905206,0.00683017,0.0022219,0.00572414,0.237709,0.0175284,1.40227
1.0,1242.0,557.0,200.0,2,0.076376,0.0305587,0.0458173,0.112799,0.921791,0.00165316,0.361615
2.0,1242.0,557.0,200.0,1,0.00912986,0.00693839,0.00219147,0.00566464,0.237662,0.0174871,1.40255
2.0,1242.0,557.0,200.0,2,0.078279,0.0319445,0.0463345,0.115145,0.924907,0.00168719,0.360396
3.0,1242.0,557.0,200.0,1,0.00923015,0.00706988,0.00216027,0.00560189,0.237635,0.0174332,1.40271
3.0,1242.0,557.0,200.0,2,0.079864,0.0331853,0.0466787,0.116944,0.927588,0.00171485,0.359355
4.0,1242.0,557.0,200.0,1,0.00934055,0.00721052,0.00213003,0.00554043,0.237616,0.0173736,1.40282
4.0,1242.0,557.0,200.0,2,0.0811726,0.0342899,0.0468827,0.118297,0.929913,0.00173709,0.358456
5.0,1242.0,557.0,200.0,1,0.00945325,0.00735252,0.00210073,0.00548039,0.2376,0.0173132,1.40292
5.0,1242.0,557.0,200.0,2,0.0822628,0.0352849,0.0469779,0.119301,0.931952,0.00175507,0.357672
6.0,1242.0,557.0,200.0,1,0.00956421,0.00749184,0.00207238,0.00542199,0.237585,0.0172545,1.403
6.0,1242.0,557.0,200.0,2,0.0831758,0.0361892,0.0469866,0.120024,0.933754,0.00176967,0.356982
7.0,1242.0,557.0,200.0,1,0.00967128,0.00762637,0.00204491,0.00536511,0.23757,0.017199,1.40309
7.0,1242.0,557.0,200.0,2,0.0839424,0.037017,0.0469254,0.120517,0.935357,0.00178147,0.35637
8.0,1242.0,557.0,200.0,1,0.00977348,0.00775508,0.0020184,0.00531001,0.237554,0.0171471,1.40319
8.0,1242.0,557.0,200.0,2,0.0845856,0.037779,0.0468065,0.120817,0.936792,0.00179096,0.355824
9.0,1242.0,557.0,200.0,1,0.0098704,0.00787772,0.00199267,0.00525624,0.237537,0.0170993,1.40329
9.0,1242.0,557.0,200.0,2,0.0851235,0.0384837,0.0466397,0.120955,0.938082,0.00179849,0.355335
10.0,1242.0,557.0,200.0,1,0.00996229,0.00799454,0.00196774,0.00520392,0.237519,0.017055,1.4034
10.0,1242.0,557.0,200.0,2,0.0855701,0.0391377,0.0464324,0.120953,0.939248,0.0018043,0.354894
11.0,1242.0,557.0,200.0,1,0.0100496,0.00810592,0.00194366,0.00515323,0.2375,0.0170141,1.40351
11.0,1242.0,557.0,200.0,2,0.0859377,0.0397467,0.046191,0.12083,0.940305,0.00180865,0.354495
12.5,1242.0,557.0,200.0,1,0.0101718,0.00826274,0.00190908,0.00508022,0.237469,0.0169589,1.40369
12.5,1242.0,557.0,200.0,2,0.0863565,0.0405825,0.045774,0.120449,0.941707,0.00181275,0.353967
15.0,1242.0,557.0,200.0,1,0.010356,0.00850111,0.0018549,0.00496522,0.237414,0.0168807,1.40402
15.0,1242.0,557.0,200.0,2,0.0867842,0.041808,0.0449762,0.119421,0.943652,0.00181468,0.353238
17.5,1242.0,557.0,200.0,1,0.0105239,0.00872073,0.0018032,0.00485402,0.237358,0.0168147,1.40435
17.5,1242.0,557.0,200.0,2,0.0869669,0.0428734,0.0440936,0.118035,0.945253,0.001812,0.352639
20.0,1242.0,557.0,200.0,1,0.0106774,0.00892232,0.00175505,0.00474951,0.237299,0.0167588,1.4047
20.0,1242.0,557.0,200.0,2,0.086956,0.0437996,0.0431563,0.116388,0.946566,0.00180579,0.35215
22.5,1242.0,557.0,200.0,1,0.0108198,0.00910955,0.00171024,0.0046514,0.237238,0.0167104,1.40506
22.5,1242.0,557.0,200.0,2,0.0868048,0.0446114,0.0421934,0.11457,0.947651,0.00179709,0.351747
25.0,1242.0,557.0,200.0,1,0.0109536,0.00928449,0.00166908,0.00456065,0.237173,0.0166671,1.40545
25.0,1242.0,557.0,200.0,2,0.0865571,0.0453285,0.0412286,0.112656,0.948552,0.00178673,0.351413
27.5,1242.0,557.0,200.0,1,0.0110798,0.00944862,0.00163117,0.00447649,0.237103,0.016628,1.40586
27.5,1242.0,557.0,200.0,2,0.0862476,0.0459668,0.0402808,0.110707,0.949302,0.00177538,0.351135
30.0,1242.0,557.0,200.0,1,0.011199,0.00960289,0.00159608,0.00439803,0.23703,0.0165924,1.40629
30.0,1242.0,557.0,200.0,2,0.0859048,0.0465393,0.0393655,0.108774,0.949927,0.00176361,0.350904
32.5,1242.0,557.0,200.0,1,0.0113113,0.0097474,0.00156386,0.00432558,0.236951,0.0165596,1.40676
32.5,1242.0,557.0,200.0,2,0.0855517,0.0470566,0.0384951,0.106897,0.950448,0.00175187,0.350712
35.0,1242.0,557.0,200.0,1,0.0114166,0.00988209,0.00153456,0.00425939,0.236867,0.0165294,1.40726
35.0,1242.0,557.0,200.0,2,0.0852062,0.0475275,0.0376787,0.105108,0.950879,0.0017405,0.350553
37.5,1242.0,557.0,200.0,1,0.0115169,0.0100088,0.00150814,0.0041995,0.236776,0.0165001,1.4078
37.5,1242.0,557.0,200.0,2,0.0848818,0.0479592,0.0369225,0.10343,0.951234,0.00172979,0.350422
40.0,1242.0,557.0,200.0,1,0.0116128,0.0101284,0.00148442,0.00414559,0.23668,0.016471,1.40837
40.0,1242.0,557.0,200.0,2,0.0845891,0.0483583,0.0362309,0.101882,0.951523,0.00171991,0.350315
42.5,1242.0,557.0,200.0,1,0.0117045,0.0102413,0.00146316,0.00409721,0.236577,0.0164419,1.40898
42.5,1242.0,557.0,200.0,2,0.0843359,0.0487301,0.0356058,0.100473,0.951757,0.00171102,0.350229
45.0,1242.0,557.0,200.0,1,0.0117923,0.010348,0.00144427,0.0040542,0.236468,0.0164124,1.40963
45.0,1242.0,557.0,200.0,2,0.0841268,0.0490791,0.0350477,0.0992101,0.951943,0.0017032,0.350161
47.5,1242.0,557.0,200.0,1,0.0118765,0.0104489,0.00142764,0.00401638,0.236354,0.0163823,1.41032
47.5,1242.0,557.0,200.0,2,0.0839643,0.049409,0.0345553,0.0980945,0.952088,0.00169649,0.350108
50.0,1242.0,557.0,200.0,1,0.0119573,0.0105442,0.00141309,0.00398339,0.236233,0.0163514,1.41104
50.0,1242.0,557.0,200.0,2,0.083849,0.049723,0.034126,0.0971232,0.952197,0.00169089,0.350068
52.5,1242.0,557.0,200.0,1,0.0120349,0.0106345,0.00140043,0.00395485,0.236106,0.0163198,1.41179
52.5,1242.0,557.0,200.0,2,0.0837797,0.0500234,0.0337563,0.0962906,0.952275,0.00168637,0.350039
55.0,1242.0,557.0,200.0,1,0.0121094,0.0107199,0.00138949,0.00393034,0.235975,0.0162875,1.41258
55.0,1242.0,557.0,200.0,2,0.0837542,0.0503121,0.0334421,0.0955886,0.952327,0.00168287,0.35002
57.5,1242.0,557.0,200.0,1,0.012181,0.0108009,0.00138007,0.00390945,0.235838,0.0162545,1.4134
57.5,1242.0,557.0,200.0,2,0.0837694,0.0505907,0.0331787,0.0950077,0.952356,0.00168031,0.350009
60.0,1242.0,557.0,200.0,1,0.0122497,0.0108777,0.00137202,0.0038918,0.235697,0.0162211,1.41424
60.0,1242.0,557.0,200.0,2,0.0838216,0.0508603,0.0329613,0.0945378,0.952366,0.00167862,0.350005
0.0,1242.0,557.0,400.0,1,0.00904801,0.00679725,0.00225076,0.00577935,0.237673,0.0174597,1.40249
0.0,1242.0,557.0,400.0,2,0.0736369,0.0281093,0.0455276,0.110937,0.918662,0.00159999,0.362846
0.1,1242.0,557.0,400.0,1,0.0090825,0.00683233,0.00225017,0.00577807,0.237981,0.0175827,1.40067
0.1,1242.0,557.0,400.0,2,0.0758567,0.0307509,0.0451058,0.109966,0.91789,0.00164299,0.363152
0.5,1242.0,557.0,400.0,1,0.00909723,0.00685826,0.00223897,0.0057573,0.237992,0.0175971,1.40061
0.5,1242.0,557.0,400.0,2,0.0771353,0.0317881,0.0453472,0.111053,0.919277,0.00166687,0.362604
1.0,1242.0,557.0,400.0,1,0.00912251,0.00689774,0.00222477,0.00573098,0.237956,0.0175849,1.40082
1.0,1242.0,557.0,400.0,2,0.0783528,0.0326315,0.0457213,0.112584,0.921073,0.00168915,0.361897
2.0,1242.0,557.0,400.0,1,0.00920135,0.00700668,0.00219466,0.00567252,0.237901,0.0175394,1.40114
2.0,1242.0,557.0,400.0,2,0.0803258,0.0340445,0.0462814,0.115051,0.924237,0.00172449,0.360658
3.0,1242.0,557.0,400.0,1,0.0093028,0.00713899,0.00216381,0.00561088,0.237867,0.0174818,1.40134
3.0,1242.0,557.0,400.0,2,0.0819748,0.0353101,0.0466647,0.11696,0.926955,0.00175333,0.3596
4.0,1242.0,557.0,400.0,1,0.00941424,0.00728029,0.00213395,0.00555056,0.237842,0.0174189,1.40149
4.0,1242.0,557.0,400.0,2,0.0833423,0.0364371,0.0469052,0.118414,0.929311,0.00177665,0.358689
5.0,1242.0,557.0,400.0,1,0.0095278,0.00742274,0.00210506,0.00549173,0.237821,0.0173556,1.40161
5.0,1242.0,557.0,400.0,2,0.0844873,0.0374524,0.0470349,0.119514,0.931374,0.00179564,0.357894
6.0,1242.0,557.0,400.0,1,0.00963946,0.00756232,0.00207713,0.00543456,0.237801,0.0172944,1.40173
6.0,1242.0,557.0,400.0,2,0.0854522,0.0383755,0.0470766,0.120328,0.933196,0.00181119,0.357196
7.0,1242.0,557.0,400.0,1,0.00974707,0.00769696,0.00205011,0.00537897,0.237781,0.0172366,1.40185
7.0,1242.0,557.0,400.0,2,0.0862682,0.0392209,0.0470473,0.120908,0.934816,0.00182391,0.356576
8.0,1242.0,557.0,400.0,1,0.00984971,0.00782565,0.00202405,0.00532515,0.23776,0.0171826,1.40197
8.0,1242.0,557.0,400.0,2,0.0869588,0.0399995,0.0469593,0.121293,0.936265,0.00183427,0.356024
9.0,1242.0,557.0,400.0,1,0.00994697,0.00794822,0.00199874,0.00527257,0.237739,0.0171328,1.4021
9.0,1242.0,557.0,400.0,2,0.0875423,0.0407198,0.0468225,0.121513,0.937568,0.00184264,0.35553
10.0,1242.0,557.0,400.0,1,0.0100391,0.00806484,0.00197427,0.00522154,0.237716,0.0170868,1.40223
10.0,1242.0,557.0,400.0,2,0.0880337,0.0413889,0.0466448,0.121591,0.938745,0.00184929,0.355084
11.0,1242.0,557.0,400.0,1,0.0101267,0.00817603,0.00195065,0.00517214,0.237693,0.0170442,1.40237
11.0,1242.0,557.0,400.0,2,0.0884445,0.0420123,0.0464322,0.121547,0.939812,0.00185444,0.354681
12.5,1242.0,557.0,400.0,1,0.0102492,0.0083325,0.00191675,0.00510105,0.237657,0.0169867,1.40258
12.5,1242.0,557.0,400.0,2,0.0889245,0.0428677,0.0460568,0.121278,0.941225,0.00185968,0.354148
15.0,1242.0,557.0,400.0,1,0.0104339,0.0085702,0.00186373,0.00498923,0.237594,0.0169048,1.40296
15.0,1242.0,557.0,400.0,2,0.0894478,0.0441232,0.0453246,0.120428,0.943185,0.00186339,0.353412
17.5,1242.0,557.0,400.0,1,0.0106023,0.00878917,0.00181316,0.00488117,0.237529,0.0168354,1.40333
17.5,1242.0,557.0,400.0,2,0.0897253,0.045219,0.0445064,0.119217,0.9448,0.00186247,0.352808
20.0,1242.0,557.0,400.0,1,0.0107561,0.00899007,0.00176608,0.0047796,0.237463,0.0167764,1.40373
20.0,1242.0,557.0,400.0,2,0.0898052,0.0461744,0.0436308,0.117736,0.946124,0.00185797,0.352315
22.5,1242.0,557.0,400.0,1,0.0108989,0.00917659,0.00172229,0.00468433,0.237394,0.0167249,1.40413
22.5,1242.0,557.0,400.0,2,0.0897407,0.0470143,0.0427264,0.116077,0.947218,0.00185088,0.351908
25.0,1242.0,557.0,400.0,1,0.0110329,0.00935082,0.00168205,0.00459618,0.237322,0.0166788,1.40456
25.0,1242.0,557.0,400.0,2,0.0895756,0.0477586,0.0418169,0.114314,0.948127,0.00184206,0.35157
27.5,1242.0,557.0,400.0,1,0.0111593,0.00951424,0.00164503,0.0045145,0.237247,0.0166368,1.40501
27.5,1242.0,557.0,400.0,2,0.0893441,0.0484232,0.0409209,0.112507,0.948885,0.00183217,0.351289
30.0,1242.0,557.0,400.0,1,0.0112786,0.00966785,0.00161075,0.00443834,0.237167,0.0165985,1.40548
30.0,1242.0,557.0,400.0,2,0.0890744,0.049021,0.0400533,0.110705,0.949518,0.00182175,0.351055
32.5,1242.0,557.0,400.0,1,0.011391,0.00981173,0.00157923,0.00436789,0.237082,0.0165632,1.40598
32.5,1242.0,557.0,400.0,2,0.0887892,0.0495627,0.0392265,0.108948,0.950047,0.00181127,0.35086
35.0,1242.0,557.0,400.0,1,0.0114964,0.00994586,0.00155053,0.00430344,0.236992,0.0165305,1.40652
35.0,1242.0,557.0,400.0,2,0.0885063,0.050057,0.0384493,0.107269,0.950485,0.00180105,0.350698
37.5,1242.0,557.0,400.0,1,0.0115967,0.0100721,0.00152461,0.00424505,0.236897,0.016499,1.40708
37.5,1242.0,557.0,400.0,2,0.088239,0.050511,0.037728,0.105689,0.950848,0.00179137,0.350564
40.0,1242.0,557.0,400.0,1,0.0116925,0.0101912,0.00150132,0.00419245,0.236795,0.0164679,1.40769
40.0,1242.0,557.0,400.0,2,0.0879978,0.0509312,0.0370666,0.104227,0.951146,0.00178242,0.350454
42.5,1242.0,557.0,400.0,1,0.0117842,0.0103038,0.00148041,0.00414516,0.236688,0.0164368,1.40832
42.5,1242.0,557.0,400.0,2,0.0877904,0.051323,0.0364675,0.102893,0.951389,0.00177435,0.350365
45.0,1242.0,557.0,400.0,1,0.0118719,0.0104102,0.00146178,0.00410301,0.236575,0.0164056,1.40899
45.0,1242.0,557.0,400.0,2,0.0876219,0.0516908,0.0359311,0.101694,0.951584,0.00176723,0.350293
47.5,1242.0,557.0,400.0,1,0.0119561,0.0105108,0.00144531,0.00406582,0.236457,0.016374,1.4097
47.5,1242.0,557.0,400.0,2,0.0874948,0.0520383,0.0354565,0.100632,0.951738,0.00176113,0.350236
50.0,1242.0,557.0,400.0,1,0.0120368,0.010606,0.00143087,0.00403331,0.236333,0.0163418,1.41044
50.0,1242.0,557.0,400.0,2,0.0874103,0.0523686,0.0350416,0.0997052,0.951857,0.00175604,0.350193
52.5,1242.0,557.0,400.0,1,0.0121144,0.0106961,0.00141828,0.0040051,0.236203,0.016309,1.41121
52.5,1242.0,557.0,400.0,2,0.0873675,0.0526843,0.0346833,0.0989087,0.951945,0.00175194,0.35016
55.0,1242.0,557.0,400.0,1,0.0121888,0.0107815,0.00140735,0.0039808,0.236069,0.0162756,1.41202
55.0,1242.0,557.0,400.0,2,0.0873648,0.0529871,0.0343777,0.0982355,0.952007,0.00174878,0.350137
57.5,1242.0,557.0,400.0,1,0.0122604,0.0108625,0.00139792,0.00396003,0.23593,0.0162417,1.41285
57.5,1242.0,557.0,400.0,2,0.0873995,0.0532788,0.0341207,0.0976774,0.952047,0.00174651,0.350123
60.0,1242.0,557.0,400.0,1,0.0123291,0.0109393,0.00138982,0.00394243,0.235787,0.0162074,1.41371
60.0,1242.0,557.0,400.0,2,0.0874686,0.0535606,0.033908,0.0972251,0.952066,0.00174504,0.350116
0.0,1242.0,557.0,600.0,1,0.0091181,0.00686476,0.00225334,0.00578518,0.237931,0.0175208,1.40097
0.0,1242.0,557.0,600.0,2,0.0755317,0.0301461,0.0453856,0.110591,0.917901,0.00163438,0.363147
0.1,1242.0,557.0,600.0,1,0.00915208,0.00689942,0.00225266,0.00578372,0.23823,0.0176402,1.39921
0.1,1242.0,557.0,600.0,2,0.0777508,0.0327831,0.0449678,0.109631,0.917142,0.0016774,0.363448
0.5,1242.0,557.0,600.0,1,0.00916682,0.00692525,0.00224157,0.00576336,0.238235,0.0176524,1.39918
0.5,1242.0,557.0,600.0,2,0.0790609,0.0338321,0.0452288,0.110773,0.918557,0.00170187,0.362888
1.0,1242.0,557.0,600.0,1,0.0091924,0.00696486,0.00222754,0.0057376,0.238195,0.0176379,1.39941
1.0,1242.0,557.0,600.0,2,0.0803184,0.0346915,0.0456268,0.112372,0.920383,0.00172489,0.362168
2.0,1242.0,557.0,600.0,1,0.00927224,0.00707448,0.00219776,0.00568019,0.238132,0.0175883,1.39978
2.0,1242.0,557.0,600.0,2,0.082361,0.0361314,0.0462296,0.11496,0.923596,0.00176151,0.360908
3.0,1242.0,557.0,600.0,1,0.0093748,0.00720754,0.00216726,0.00561965,0.238091,0.0175271,1.40002
3.0,1242.0,557.0,600.0,2,0.0840737,0.0374217,0.046652,0.116978,0.926352,0.00179152,0.359834
4.0,1242.0,557.0,600.0,1,0.00948721,0.00734943,0.00213778,0.00556047,0.23806,0.0174609,1.40021
4.0,1242.0,557.0,600.0,2,0.0854994,0.0385708,0.0469286,0.118533,0.928738,0.0018159,0.35891
5.0,1242.0,557.0,600.0,1,0.00960158,0.00749229,0.0021093,0.00550285,0.238033,0.0173947,1.40037
5.0,1242.0,557.0,600.0,2,0.0866986,0.0396062,0.0470924,0.119727,0.930827,0.00183589,0.358105
6.0,1242.0,557.0,600.0,1,0.00971387,0.00763207,0.00208179,0.00544692,0.238008,0.0173309,1.40051
6.0,1242.0,557.0,600.0,2,0.0877147,0.0405479,0.0471668,0.120631,0.932669,0.00185238,0.357397
7.0,1242.0,557.0,600.0,1,0.00982198,0.00776677,0.00205522,0.00539259,0.237983,0.0172708,1.40066
7.0,1242.0,557.0,600.0,2,0.0885795,0.0414107,0.0471689,0.121298,0.934307,0.00186599,0.356771
8.0,1242.0,557.0,600.0,1,0.00992498,0.0078954,0.00202958,0.00533999,0.237958,0.0172148,1.40081
8.0,1242.0,557.0,600.0,2,0.0893168,0.0422055,0.0471114,0.121767,0.935772,0.00187721,0.356212
9.0,1242.0,557.0,600.0,1,0.0100225,0.00801782,0.0020047,0.00528863,0.237932,0.0171631,1.40096
9.0,1242.0,557.0,600.0,2,0.0899454,0.0429412,0.0470042,0.122067,0.937088,0.00188641,0.355712
10.0,1242.0,557.0,600.0,1,0.010115,0.00813427,0.00198069,0.0052389,0.237905,0.0171153,1.40112
10.0,1242.0,557.0,600.0,2,0.0904803,0.043625,0.0468554,0.122224,0.938277,0.00189386,0.355261
11.0,1242.0,557.0,600.0,1,0.0102027,0.00824521,0.00195752,0.00519077,0.237878,0.0170711,1.40128
11.0,1242.0,557.0,600.0,2,0.0909339,0.0442626,0.0466712,0.122258,0.939354,0.0018998,0.354854
12.5,1242.0,557.0,600.0,1,0.0103256,0.00840127,0.0019243,0.00512158,0.237836,0.0170112,1.40152
12.5,1242.0,557.0,600.0,2,0.0914738,0.0451373,0.0463365,0.1221,0.940779,0.00190615,0.354316
15.0,1242.0,557.0,600.0,1,0.0105106,0.00863824,0.00187241,0.00501288,0.237764,0.0169258,1.40195
15.0,1242.0,557.0,600.0,2,0.092091,0.0464221,0.0456689,0.121424,0.942756,0.00191159,0.353573
17.5,1242.0,557.0,600.0,1,0.0106794,0.00885644,0.00182295,0.0049079,0.237692,0.0168531,1.40238
17.5,1242.0,557.0,600.0,2,0.0924606,0.0475474,0.0449131,0.120382,0.944386,0.00191238,0.352963
20.0,1242.0,557.0,600.0,1,0.0108336,0.00905671,0.00177692,0.00480923,0.237618,0.0167908,1.40281
20.0,1242.0,557.0,600.0,2,0.0926287,0.0485313,0.0440974,0.119063,0.945723,0.00190951,0.352464
22.5,1242.0,557.0,600.0,1,0.0109766,0.00924248,0.00173413,0.00471675,0.237542,0.0167362,1.40326
22.5,1242.0,557.0,600.0,2,0.0926486,0.0493986,0.04325,0.117559,0.946829,0.00190398,0.352052
25.0,1242.0,557.0,600.0,1,0.0111108,0.00941596,0.00169481,0.00463114,0.237463,0.0166872,1.40373
25.0,1242.0,557.0,600.0,2,0.0925635,0.0501692,0.0423942,0.115942,0.947748,0.00189664,0.351711
27.5,1242.0,557.0,600.0,1,0.0112373,0.00957865,0.00165863,0.00455183,0.237381,0.0166426,1.40421
27.5,1242.0,557.0,600.0,2,0.0924076,0.0508592,0.0415483,0.114272,0.948516,0.00188815,0.351426
30.0,1242.0,557.0,600.0,1,0.0113567,0.00973156,0.00162514,0.00447789,0.237295,0.0166016,1.40472
30.0,1242.0,557.0,600.0,2,0.0922088,0.0514816,0.0407272,0.112597,0.949159,0.00187904,0.351188
32.5,1242.0,557.0,600.0,1,0.0114691,0.00987479,0.0015943,0.00440939,0.237205,0.0165638,1.40525
32.5,1242.0,557.0,600.0,2,0.0919896,0.0520469,0.0399427,0.110958,0.949696,0.00186976,0.350989
35.0,1242.0,557.0,600.0,1,0.0115745,0.0100083,0.00156619,0.00434666,0.237109,0.0165288,1.40582
35.0,1242.0,557.0,600.0,2,0.0917674,0.0525637,0.0392037,0.109385,0.950145,0.00186065,0.350824
37.5,1242.0,557.0,600.0,1,0.0116748,0.010134,0.00154076,0.00428972,0.237009,0.0164951,1.40642
37.5,1242.0,557.0,600.0,2,0.0915557,0.0530393,0.0385163,0.107902,0.950517,0.00185196,0.350686
40.0,1242.0,557.0,600.0,1,0.0117706,0.0102527,0.00151789,0.00423841,0.236903,0.016462,1.40705
40.0,1242.0,557.0,600.0,2,0.0913647,0.05348,0.0378847,0.106524,0.950825,0.00184391,0.350573
42.5,1242.0,557.0,600.0,1,0.0118622,0.0103649,0.00149734,0.00419222,0.236791,0.0164291,1.40771
42.5,1242.0,557.0,600.0,2,0.0912023,0.0538912,0.0373111,0.105264,0.951078,0.00183662,0.35048
45.0,1242.0,557.0,600.0,1,0.0119499,0.0104709,0.00147897,0.00415095,0.236674,0.0163962,1.40841
45.0,1242.0,557.0,600.0,2,0.0910735,0.0542772,0.0367964,0.104128,0.951283,0.00183019,0.350404
47.5,1242.0,557.0,600.0,1,0.012034,0.0105713,0.00146269,0.00411442,0.236552,0.0163631,1.40913
47.5,1242.0,557.0,600.0,2,0.0909816,0.0546418,0.0363398,0.10312,0.951447,0.00182468,0.350344
50.0,1242.0,557.0,600.0,1,0.0121147,0.0106663,0.00144837,0.00408241,0.236425,0.0163295,1.40989
50.0,1242.0,557.0,600.0,2,0.0909276,0.0549881,0.0359395,0.102238,0.951576,0.00182009,0.350296
52.5,1242.0,557.0,600.0,1,0.0121922,0.0107563,0.00143585,0.00405457,0.236292,0.0162956,1.41068
52.5,1242.0,557.0,600.0,2,0.0909115,0.0553186,0.0355929,0.101478,0.951675,0.00181641,0.35026
55.0,1242.0,557.0,600.0,1,0.0122666,0.0108416,0.00142495,0.00403052,0.236155,0.0162612,1.4115
55.0,1242.0,557.0,600.0,2,0.0909318,0.0556354,0.0352964,0.100835,0.951747,0.0018136,0.350233
57.5,1242.0,557.0,600.0,1,0.0123381,0.0109225,0.00141552,0.0040099,0.236014,0.0162264,1.41235
57.5,1242.0,557.0,600.0,2,0.0909864,0.05594,0.0350464,0.100301,0.951797,0.00181161,0.350215
60.0,1242.0,557.0,600.0,1,0.0124068,0.0109994,0.00140739,0.00399238,0.235869,0.0161912,1.41322
60.0,1242.0,557.0,600.0,2,0.0910726,0.0562337,0.0348388,0.099867,0.951827,0.00181038,0.350204
0.0,1242.0,557.0,800.0,1,0.00918765,0.00693183,0.00225582,0.00579079,0.23818,0.0175785,1.3995
0.0,1242.0,557.0,800.0,2,0.0774155,0.0321702,0.0452453,0.110249,0.917166,0.00166852,0.363438
0.1,1242.0,557.0,800.0,1,0.00922113,0.00696609,0.00225505,0.00578916,0.238471,0.0176945,1.3978
0.1,1242.0,557.0,800.0,2,0.079634,0.0348026,0.0448313,0.109299,0.916421,0.00171155,0.363734
0.5,1242.0,557.0,800.0,1,0.00923588,0.0069918,0.00224407,0.00576921,0.238471,0.0177045,1.39779
0.5,1242.0,557.0,800.0,2,0.0809755,0.0358635,0.045112,0.110498,0.917863,0.00173661,0.363162
1.0,1242.0,557.0,800.0,1,0.00926175,0.00703153,0.00223022,0.00574401,0.238426,0.0176878,1.39806
1.0,1242.0,557.0,800.0,2,0.0822728,0.0367389,0.0455339,0.112164,0.919721,0.00176037,0.362429
2.0,1242.0,557.0,800.0,1,0.00934254,0.00714177,0.00220076,0.00568766,0.238355,0.0176341,1.39848
2.0,1242.0,557.0,800.0,2,0.0843847,0.0382055,0.0461791,0.114872,0.922983,0.00179826,0.361148
3.0,1242.0,557.0,800.0,1,0.00944616,0.00727554,0.00217062,0.00562822,0.238307,0.0175691,1.39876
3.0,1242.0,557.0,800.0,2,0.0861606,0.0395203,0.0466403,0.116998,0.925778,0.00182942,0.360057
4.0,1242.0,557.0,800.0,1,0.00955949,0.00741797,0.00214152,0.00557018,0.23827,0.0174997,1.39898
4.0,1242.0,557.0,800.0,2,0.0876441,0.0406913,0.0469528,0.118653,0.928196,0.00185485,0.35912
5.0,1242.0,557.0,800.0,1,0.00967461,0.00756116,0.00211344,0.00551377,0.238237,0.0174306,1.39917
5.0,1242.0,557.0,800.0,2,0.0888971,0.0417467,0.0471504,0.119941,0.930309,0.00187582,0.358304
6.0,1242.0,557.0,800.0,1,0.00978747,0.00770111,0.00208636,0.00545907,0.238206,0.0173644,1.39935
6.0,1242.0,557.0,800.0,2,0.0899638,0.0427067,0.047257,0.120935,0.932174,0.00189323,0.357587
7.0,1242.0,557.0,800.0,1,0.00989604,0.00783581,0.00206022,0.005406,0.238177,0.017302,1.39952
7.0,1242.0,557.0,800.0,2,0.0908767,0.0435865,0.0472901,0.121687,0.93383,0.00190771,0.356953
8.0,1242.0,557.0,800.0,1,0.00999934,0.00796433,0.00203501,0.00535459,0.238147,0.017244,1.3997
8.0,1242.0,557.0,800.0,2,0.0916601,0.0443974,0.0472627,0.122238,0.93531,0.00191978,0.356388
9.0,1242.0,557.0,800.0,1,0.0100971,0.00808657,0.00201056,0.00530445,0.238116,0.0171904,1.39988
9.0,1242.0,557.0,800.0,2,0.092333,0.0451483,0.0471847,0.122618,0.93664,0.00192978,0.355882
10.0,1242.0,557.0,800.0,1,0.0101898,0.00820281,0.001987,0.00525599,0.238086,0.0171409,1.40005
10.0,1242.0,557.0,800.0,2,0.0929109,0.0458465,0.0470643,0.122853,0.937841,0.00193802,0.355426
11.0,1242.0,557.0,800.0,1,0.0102778,0.00831352,0.00196429,0.00520914,0.238055,0.0170949,1.40024
11.0,1242.0,557.0,800.0,2,0.0934058,0.046498,0.0469079,0.122961,0.93893,0.00194472,0.355014
12.5,1242.0,557.0,800.0,1,0.0104009,0.00846914,0.00193174,0.00514182,0.238008,0.0170327,1.40052
12.5,1242.0,557.0,800.0,2,0.0940047,0.0473915,0.0466131,0.122912,0.94037,0.00195214,0.35447
15.0,1242.0,557.0,800.0,1,0.0105863,0.00870531,0.00188096,0.00503621,0.237926,0.0169438,1.401
15.0,1242.0,557.0,800.0,2,0.0947137,0.0487051,0.0460086,0.122407,0.942364,0.00195928,0.35372
17.5,1242.0,557.0,800.0,1,0.0107554,0.00892283,0.00183258,0.00493419,0.237846,0.0168677,1.40147
17.5,1242.0,557.0,800.0,2,0.0951737,0.0498594,0.0453143,0.121531,0.94401,0.00196173,0.353104
20.0,1242.0,557.0,800.0,1,0.0109099,0.00912226,0.00178759,0.00483842,0.237765,0.0168022,1.40195
20.0,1242.0,557.0,800.0,2,0.0954277,0.0508709,0.0445568,0.120371,0.945363,0.00196043,0.352598
22.5,1242.0,557.0,800.0,1,0.0110531,0.00930726,0.0017458,0.00474869,0.237682,0.0167447,1.40244
22.5,1242.0,557.0,800.0,2,0.0955294,0.0517646,0.0437647,0.119016,0.946481,0.00195641,0.352182
25.0,1242.0,557.0,800.0,1,0.0111873,0.00947997,0.00170733,0.0046655,0.237596,0.0166929,1.40294
25.0,1242.0,557.0,800.0,2,0.0955218,0.0525608,0.042961,0.117541,0.947413,0.00195049,0.351835
27.5,1242.0,557.0,800.0,1,0.0113139,0.00964191,0.00167196,0.00458846,0.237508,0.0166456,1.40346
27.5,1242.0,557.0,800.0,2,0.0954392,0.0532755,0.0421637,0.116004,0.948192,0.00194334,0.351546
30.0,1242.0,557.0,800.0,1,0.0114334,0.00979411,0.00163925,0.0045167,0.237416,0.016602,1.40401
30.0,1242.0,557.0,800.0,2,0.0953092,0.0539216,0.0413876,0.114454,0.948846,0.00193548,0.351304
32.5,1242.0,557.0,800.0,1,0.0115458,0.00993668,0.00160909,0.00445011,0.23732,0.0165619,1.40458
32.5,1242.0,557.0,800.0,2,0.095154,0.0545097,0.0406443,0.112928,0.949395,0.00192736,0.351101
35.0,1242.0,557.0,800.0,1,0.0116512,0.0100697,0.00158155,0.00438907,0.237219,0.0165246,1.40517
35.0,1242.0,557.0,800.0,2,0.0949909,0.0550484,0.0399425,0.111459,0.949854,0.00191931,0.350931
37.5,1242.0,557.0,800.0,1,0.0117514,0.0101948,0.00155661,0.00433357,0.237113,0.0164888,1.4058
37.5,1242.0,557.0,800.0,2,0.0948331,0.0555449,0.0392882,0.110069,0.950237,0.00191159,0.35079
40.0,1242.0,557.0,800.0,1,0.0118471,0.010313,0.00153415,0.00428351,0.237002,0.0164537,1.40646
40.0,1242.0,557.0,800.0,2,0.0946911,0.0560054,0.0386857,0.108774,0.950556,0.0019044,0.350672
42.5,1242.0,557.0,800.0,1,0.0119387,0.0104248,0.00151395,0.00423842,0.236887,0.016419,1.40714
42.5,1242.0,557.0,800.0,2,0.0945727,0.0564354,0.0381373,0.107586,0.950819,0.00189787,0.350575
45.0,1242.0,557.0,800.0,1,0.0120263,0.0105305,0.00149585,0.00419803,0.236766,0.0163845,1.40786
45.0,1242.0,557.0,800.0,2,0.0944832,0.0568391,0.037644,0.106513,0.951035,0.00189211,0.350495
47.5,1242.0,557.0,800.0,1,0.0121103,0.0106306,0.00147977,0.00416219,0.23664,0.0163499,1.40861
47.5,1242.0,557.0,800.0,2,0.0944258,0.0572204,0.0372055,0.105558,0.951211,0.00188717,0.350431
50.0,1242.0,557.0,800.0,1,0.012191,0.0107254,0.00146558,0.0041307,0.23651,0.0163151,1.40939
50.0,1242.0,557.0,800.0,2,0.0944023,0.0575823,0.03682,0.104721,0.951351,0.00188307,0.350379
52.5,1242.0,557.0,800.0,1,0.0122684,0.0108152,0.00145315,0.00410325,0.236374,0.01628,1.41019
52.5,1242.0,557.0,800.0,2,0.0944128,0.0579274,0.0364854,0.103999,0.95146,0.00187981,0.350339
55.0,1242.0,557.0,800.0,1,0.0123427,0.0109004,0.0014423,0.00407948,0.236235,0.0162446,1.41103
55.0,1242.0,557.0,800.0,2,0.0944562,0.0582578,0.0361985,0.103387,0.951544,0.00187735,0.350308
57.5,1242.0,557.0,800.0,1,0.0124142,0.0109813,0.00143287,0.00405905,0.236091,0.0162089,1.41188
57.5,1242.0,557.0,800.0,2,0.094531,0.058575,0.035956,0.102878,0.951604,0.00187565,0.350286
60.0,1242.0,557.0,800.0,1,0.0124829,0.0110582,0.00142473,0.00404164,0.235944,0.016173,1.41277
60.0,1242.0,557.0,800.0,2,0.0946347,0.0588806,0.0357541,0.102464,0.951645,0.00187465,0.350271
0.0,1242.0,557.0,1000.0,1,0.00925669,0.00699849,0.0022582,0.00579618,0.238422,0.017633,1.39808
0.0,1242.0,557.0,1000.0,2,0.0792884,0.0341817,0.0451067,0.109911,0.916458,0.00170242,0.363719
0.1,1242.0,557.0,1000.0,1,0.0092897,0.00703236,0.00225734,0.00579439,0.238703,0.0177458,1.39643
0.1,1242.0,557.0,1000.0,2,0.0815064,0.0368099,0.0446966,0.108972,0.915727,0.00174546,0.364009
0.5,1242.0,557.0,1000.0,1,0.00930444,0.00705795,0.00224649,0.00577485,0.238699,0.0177536,1.39646
0.5,1242.0,557.0,1000.0,2,0.0828794,0.0378826,0.0449968,0.110226,0.917197,0.00177111,0.363426
1.0,1242.0,557.0,1000.0,1,0.00933058,0.00709778,0.0022328,0.00575022,0.238649,0.0177346,1.39675
1.0,1242.0,557.0,1000.0,2,0.0842163,0.0387738,0.0454426,0.11196,0.919086,0.0017956,0.362679
2.0,1242.0,557.0,1000.0,1,0.00941228,0.00720861,0.00220367,0.00569492,0.23857,0.0176768,1.39722
2.0,1242.0,557.0,1000.0,2,0.0863972,0.0402671,0.0461301,0.114787,0.922398,0.00183474,0.361377
3.0,1242.0,557.0,1000.0,1,0.00951691,0.00734302,0.00217389,0.00563658,0.238515,0.0176082,1.39754
3.0,1242.0,557.0,1000.0,2,0.0882359,0.0416063,0.0466296,0.117021,0.925233,0.00186704,0.360269
4.0,1242.0,557.0,1000.0,1,0.0096311,0.00748593,0.00214517,0.0055797,0.238472,0.0175355,1.39779
4.0,1242.0,557.0,1000.0,2,0.0897767,0.042799,0.0469777,0.118776,0.927683,0.00189351,0.359318
5.0,1242.0,557.0,1000.0,1,0.00974693,0.00762942,0.00211751,0.00552449,0.238433,0.0174636,1.39802
5.0,1242.0,557.0,1000.0,2,0.0910829,0.0438741,0.0472088,0.120156,0.929822,0.00191543,0.358491
6.0,1242.0,557.0,1000.0,1,0.00986032,0.00776947,0.00209085,0.00547101,0.238397,0.0173949,1.39823
6.0,1242.0,557.0,1000.0,2,0.0921996,0.0448522,0.0473474,0.121238,0.931708,0.00193374,0.357766
7.0,1242.0,557.0,1000.0,1,0.00996929,0.00790414,0.00206514,0.00541919,0.238363,0.0173302,1.39843
7.0,1242.0,557.0,1000.0,2,0.09316,0.0457489,0.0474111,0.122074,0.933383,0.00194909,0.357124
8.0,1242.0,557.0,1000.0,1,0.0100729,0.00803252,0.00204034,0.00536896,0.238328,0.0172702,1.39863
8.0,1242.0,557.0,1000.0,2,0.0939888,0.0465755,0.0474133,0.122706,0.93488,0.00196198,0.356552
9.0,1242.0,557.0,1000.0,1,0.0101709,0.00815454,0.00201633,0.00532004,0.238293,0.0172148,1.39884
9.0,1242.0,557.0,1000.0,2,0.0947054,0.0473414,0.0473641,0.123165,0.936225,0.00197277,0.35604
10.0,1242.0,557.0,1000.0,1,0.0102637,0.00827054,0.00199321,0.00527283,0.238259,0.0171635,1.39904
10.0,1242.0,557.0,1000.0,2,0.0953255,0.0480538,0.0472717,0.123476,0.937438,0.00198178,0.355579
11.0,1242.0,557.0,1000.0,1,0.0103519,0.00838096,0.00197094,0.00522723,0.238224,0.0171159,1.39924
11.0,1242.0,557.0,1000.0,2,0.0958614,0.0487188,0.0471425,0.123659,0.938539,0.00198922,0.355162
12.5,1242.0,557.0,1000.0,1,0.0104752,0.00853612,0.00193905,0.00516175,0.238171,0.0170514,1.39956
12.5,1242.0,557.0,1000.0,2,0.0965179,0.0496309,0.046887,0.123716,0.939994,0.00199769,0.354612
15.0,1242.0,557.0,1000.0,1,0.0106609,0.00877151,0.00188939,0.00505922,0.238081,0.0169589,1.40008
15.0,1242.0,557.0,1000.0,2,0.0973162,0.0509724,0.0463438,0.123377,0.942009,0.00200645,0.353854
17.5,1242.0,557.0,1000.0,1,0.0108302,0.00898812,0.00184206,0.00496011,0.237992,0.0168796,1.4006
17.5,1242.0,557.0,1000.0,2,0.0978647,0.0521551,0.0457096,0.122664,0.943672,0.00201052,0.35323
20.0,1242.0,557.0,1000.0,1,0.0109849,0.00918684,0.00179809,0.00486717,0.237904,0.0168111,1.40113
20.0,1242.0,557.0,1000.0,2,0.0982027,0.0531936,0.0450091,0.121658,0.945041,0.00201075,0.352718
22.5,1242.0,557.0,1000.0,1,0.0111283,0.00937105,0.00175726,0.00478011,0.237814,0.0167506,1.40166
22.5,1242.0,557.0,1000.0,2,0.0983837,0.0541131,0.0442706,0.12045,0.946175,0.00200817,0.352296
25.0,1242.0,557.0,1000.0,1,0.0112626,0.00954296,0.00171963,0.00469923,0.237722,0.0166961,1.4022
25.0,1242.0,557.0,1000.0,2,0.0984517,0.0549341,0.0435176,0.119113,0.94712,0.00200362,0.351944
27.5,1242.0,557.0,1000.0,1,0.0113892,0.00970414,0.00168505,0.00462442,0.237627,0.0166462,1.40276
27.5,1242.0,557.0,1000.0,2,0.0984403,0.0556726,0.0427676,0.117705,0.947913,0.00199776,0.35165
30.0,1242.0,557.0,1000.0,1,0.0115087,0.00985562,0.0016531,0.0045548,0.237529,0.0166001,1.40334
30.0,1242.0,557.0,1000.0,2,0.098377,0.0563417,0.0420353,0.116275,0.948579,0.0019911,0.351403
32.5,1242.0,557.0,1000.0,1,0.0116211,0.00999752,0.00162359,0.00449009,0.237427,0.0165576,1.40394
32.5,1242.0,557.0,1000.0,2,0.0982839,0.056952,0.0413319,0.114861,0.949139,0.0019841,0.351195
35.0,1242.0,557.0,1000.0,1,0.0117265,0.0101299,0.00159664,0.00443072,0.237321,0.0165181,1.40457
35.0,1242.0,557.0,1000.0,2,0.0981783,0.0575119,0.0406663,0.113492,0.949611,0.00197707,0.351021
37.5,1242.0,557.0,1000.0,1,0.0118267,0.0102545,0.00157217,0.00437664,0.237211,0.0164802,1.40522
37.5,1242.0,557.0,1000.0,2,0.0980731,0.0580286,0.0400444,0.112193,0.950006,0.00197028,0.350875
40.0,1242.0,557.0,1000.0,1,0.0119223,0.0103722,0.00155012,0.00432781,0.237096,0.0164433,1.4059
40.0,1242.0,557.0,1000.0,2,0.0979789,0.0585084,0.0394705,0.110979,0.950336,0.00196392,0.350753
42.5,1242.0,557.0,1000.0,1,0.0120138,0.0104836,0.00153027,0.00428383,0.236976,0.0164069,1.40661
42.5,1242.0,557.0,1000.0,2,0.0979035,0.0589566,0.0389469,0.109862,0.950612,0.00195813,0.350651
45.0,1242.0,557.0,1000.0,1,0.0121014,0.0105889,0.00151246,0.00424434,0.236851,0.0163708,1.40735
45.0,1242.0,557.0,1000.0,2,0.0978525,0.0593776,0.0384749,0.108852,0.95084,0.00195301,0.350567
47.5,1242.0,557.0,1000.0,1,0.0121853,0.0106887,0.00149657,0.0042092,0.236722,0.0163348,1.40812
47.5,1242.0,557.0,1000.0,2,0.0978294,0.0597751,0.0380543,0.10795,0.951027,0.00194864,0.350498
50.0,1242.0,557.0,1000.0,1,0.0122658,0.0107833,0.00148253,0.00417826,0.236589,0.0162987,1.40892
50.0,1242.0,557.0,1000.0,2,0.0978361,0.0601522,0.0376838,0.107158,0.951178,0.00194502,0.350443
52.5,1242.0,557.0,1000.0,1,0.0123432,0.010873,0.00147019,0.00415121,0.236451,0.0162625,1.40974
52.5,1242.0,557.0,1000.0,2,0.097873,0.0605116,0.0373615,0.106474,0.951299,0.00194217,0.350398
55.0,1242.0,557.0,1000.0,1,0.0124175,0.0109581,0.0014594,0.00412775,0.236308,0.0162261,1.41059
55.0,1242.0,557.0,1000.0,2,0.0979397,0.0608552,0.0370845,0.105893,0.951394,0.00194005,0.350363
57.5,1242.0,557.0,1000.0,1,0.0124888,0.0110388,0.00145,0.00410755,0.236162,0.0161895,1.41146
57.5,1242.0,557.0,1000.0,2,0.0980348,0.061185,0.0368498,0.10541,0.951466,0.00193864,0.350337
60.0,1242.0,557.0,1000.0,1,0.0125575,0.0111157,0.00144186,0.00409028,0.236013,0.0161528,1.41235
60.0,1242.0,557.0,1000.0,2,0.0981562,0.0615022,0.036654,0.105018,0.951517,0.00193788,0.350318
0.0,1242.0,557.0,1200.0,1,0.00932522,0.00706474,0.00226048,0.00580137,0.238655,0.0176844,1.39671
0.0,1242.0,557.0,1200.0,2,0.0811507,0.0361811,0.0449697,0.109578,0.915777,0.00173607,0.36399
0.1,1242.0,557.0,1200.0,1,0.00935777,0.00709823,0.00225954,0.00579942,0.238929,0.017794,1.39512
0.1,1242.0,557.0,1200.0,2,0.0833683,0.0388049,0.0445634,0.108648,0.91506,0.00177913,0.364275
0.5,1242.0,557.0,1200.0,1,0.00937251,0.0071237,0.00224881,0.0057803,0.238919,0.0177997,1.39517
0.5,1242.0,557.0,1200.0,2,0.0847727,0.0398895,0.0448832,0.109958,0.916558,0.00180535,0.363679
1.0,1242.0,557.0,1200.0,1,0.00939891,0.00716361,0.0022353,0.00575624,0.238864,0.0177785,1.39549
1.0,1242.0,557.0,1200.0,2,0.0861492,0.0407966,0.0453527,0.11176,0.918479,0.00183057,0.362919
2.0,1242.0,557.0,1200.0,1,0.00948148,0.00727498,0.0022065,0.005702,0.238777,0.0177167,1.396
2.0,1242.0,557.0,1200.0,2,0.0883987,0.0423165,0.0460822,0.114705,0.921841,0.00187095,0.361595
3.0,1242.0,557.0,1200.0,1,0.00958707,0.00740999,0.00217708,0.00564477,0.238716,0.0176443,1.39636
3.0,1242.0,557.0,1200.0,2,0.0902999,0.0436798,0.0466201,0.117046,0.924716,0.00190437,0.360471
4.0,1242.0,557.0,1200.0,1,0.00970207,0.00755333,0.00214874,0.00558902,0.238666,0.0175685,1.39665
4.0,1242.0,557.0,1200.0,2,0.0918975,0.044894,0.0470034,0.118899,0.927198,0.00193186,0.359506
5.0,1242.0,557.0,1200.0,1,0.00981855,0.00769706,0.00212149,0.00553502,0.238622,0.0174938,1.39691
5.0,1242.0,557.0,1200.0,2,0.0932563,0.0459886,0.0472677,0.120372,0.929364,0.00195473,0.358668
6.0,1242.0,557.0,1200.0,1,0.00993242,0.00783718,0.00209525,0.00548276,0.238581,0.0174226,1.39715
6.0,1242.0,557.0,1200.0,2,0.0944224,0.0469847,0.0474378,0.12154,0.931272,0.00197393,0.357933
7.0,1242.0,557.0,1200.0,1,0.0100418,0.00797178,0.00206998,0.00543218,0.238541,0.0173558,1.39738
7.0,1242.0,557.0,1200.0,2,0.0954297,0.0478979,0.0475318,0.12246,0.932967,0.00199012,0.357283
8.0,1242.0,557.0,1200.0,1,0.0101456,0.00809997,0.00204558,0.00538309,0.238502,0.0172938,1.39761
8.0,1242.0,557.0,1200.0,2,0.0963032,0.0487401,0.0475631,0.123172,0.93448,0.00200381,0.356704
9.0,1242.0,557.0,1200.0,1,0.0102438,0.00822176,0.00202199,0.0053354,0.238463,0.0172365,1.39784
9.0,1242.0,557.0,1200.0,2,0.0970629,0.0495207,0.0475422,0.123709,0.93584,0.00201538,0.356186
10.0,1242.0,557.0,1200.0,1,0.0103368,0.00833748,0.00199932,0.00528943,0.238424,0.0171835,1.39807
10.0,1242.0,557.0,1200.0,2,0.0977244,0.0502471,0.0474774,0.124095,0.937067,0.00202513,0.35572
11.0,1242.0,557.0,1200.0,1,0.0104251,0.0084476,0.00197749,0.00524507,0.238385,0.0171343,1.3983
11.0,1242.0,557.0,1200.0,2,0.0983005,0.0509255,0.0473751,0.124351,0.93818,0.0020333,0.355298
12.5,1242.0,557.0,1200.0,1,0.0105485,0.00860226,0.00194625,0.0051814,0.238327,0.0170675,1.39864
12.5,1242.0,557.0,1200.0,2,0.0990136,0.0518556,0.047158,0.124512,0.939651,0.00204279,0.354742
15.0,1242.0,557.0,1200.0,1,0.0107345,0.00883682,0.00189767,0.00508188,0.238228,0.0169715,1.39922
15.0,1242.0,557.0,1200.0,2,0.0998997,0.0532246,0.0466751,0.124337,0.941687,0.00205314,0.353974
17.5,1242.0,557.0,1200.0,1,0.010904,0.00905263,0.0018514,0.00498567,0.238132,0.0168889,1.39978
17.5,1242.0,557.0,1200.0,2,0.100534,0.0544349,0.0460991,0.123782,0.943372,0.00205875,0.353343
20.0,1242.0,557.0,1200.0,1,0.0110589,0.0092505,0.00180844,0.00489552,0.238036,0.0168174,1.40035
20.0,1242.0,557.0,1200.0,2,0.100954,0.0554998,0.0454543,0.122927,0.944757,0.00206047,0.352824
22.5,1242.0,557.0,1200.0,1,0.0112024,0.00943385,0.00176851,0.00481095,0.237939,0.0167541,1.40092
22.5,1242.0,557.0,1200.0,2,0.101213,0.0564445,0.0447684,0.121861,0.945907,0.00205929,0.352396
25.0,1242.0,557.0,1200.0,1,0.0113367,0.00960499,0.00173169,0.00473237,0.23784,0.0166969,1.4015
25.0,1242.0,557.0,1200.0,2,0.101354,0.0572895,0.0440644,0.120658,0.946868,0.00205606,0.352038
27.5,1242.0,557.0,1200.0,1,0.0114633,0.00976539,0.0016979,0.00465976,0.237739,0.0166445,1.4021
27.5,1242.0,557.0,1200.0,2,0.101412,0.0580512,0.0433604,0.119376,0.947675,0.00205143,0.351738
30.0,1242.0,557.0,1200.0,1,0.0115828,0.00991614,0.0016667,0.00459223,0.237636,0.016596,1.40271
30.0,1242.0,557.0,1200.0,2,0.101413,0.0587427,0.0426706,0.118063,0.948355,0.00204594,0.351486
32.5,1242.0,557.0,1200.0,1,0.0116952,0.0100574,0.00163784,0.00452938,0.237529,0.0165511,1.40334
32.5,1242.0,557.0,1200.0,2,0.101381,0.0593744,0.0420061,0.116756,0.948929,0.00204,0.351273
35.0,1242.0,557.0,1200.0,1,0.0118006,0.0101891,0.00161145,0.00447164,0.237418,0.0165095,1.404
35.0,1242.0,557.0,1200.0,2,0.101331,0.0599549,0.0413758,0.115486,0.949413,0.00203395,0.351094
37.5,1242.0,557.0,1200.0,1,0.0119007,0.0103132,0.00158746,0.00441897,0.237303,0.0164697,1.40468
37.5,1242.0,557.0,1200.0,2,0.101277,0.0604912,0.0407855,0.114275,0.949821,0.00202805,0.350943
40.0,1242.0,557.0,1200.0,1,0.0119962,0.0104304,0.00156581,0.00437136,0.237183,0.016431,1.40538
40.0,1242.0,557.0,1200.0,2,0.101229,0.0609897,0.0402395,0.11314,0.950165,0.00202249,0.350816
42.5,1242.0,557.0,1200.0,1,0.0120877,0.0105413,0.00154632,0.00432846,0.237059,0.0163929,1.40612
42.5,1242.0,557.0,1200.0,2,0.101196,0.0614556,0.0397404,0.112094,0.950453,0.00201742,0.35071
45.0,1242.0,557.0,1200.0,1,0.0121751,0.0106464,0.00152878,0.00428988,0.236931,0.0163553,1.40688
45.0,1242.0,557.0,1200.0,2,0.101183,0.0618933,0.0392894,0.111145,0.950693,0.00201293,0.350621
47.5,1242.0,557.0,1200.0,1,0.012259,0.0107459,0.00151312,0.00425547,0.236799,0.0163179,1.40767
47.5,1242.0,557.0,1200.0,2,0.101193,0.0623066,0.0388867,0.110296,0.950892,0.0020091,0.350548
50.0,1242.0,557.0,1200.0,1,0.0123394,0.0108402,0.00149923,0.00422508,0.236662,0.0162806,1.40848
50.0,1242.0,557.0,1200.0,2,0.10123,0.0626986,0.0385313,0.109549,0.951056,0.00200596,0.350488
52.5,1242.0,557.0,1200.0,1,0.0124167,0.0109297,0.00148699,0.00419848,0.236521,0.0162433,1.40932
52.5,1242.0,557.0,1200.0,2,0.101293,0.0630719,0.0382214,0.108903,0.951189,0.00200351,0.350439
55.0,1242.0,557.0,1200.0,1,0.0124909,0.0110146,0.00147627,0.00417535,0.236377,0.016206,1.41018
55.0,1242.0,557.0,1200.0,2,0.101383,0.0634286,0.0379546,0.108355,0.951295,0.00200174,0.350399
57.5,1242.0,557.0,1200.0,1,0.0125622,0.0110953,0.0014669,0.00415537,0.236228,0.0161686,1.41106
57.5,1242.0,557.0,1200.0,2,0.101499,0.0637707,0.0377281,0.107899,0.951378,0.00200061,0.350369
60.0,1242.0,557.0,1200.0,1,0.0126308,0.0111721,0.00145877,0.00413828,0.236077,0.0161312,1.41197
60.0,1242.0,557.0,1200.0,2,0.101638,0.0640993,0.0375389,0.107529,0.951441,0.00200009,0.350346
0.0,1242.0,557.0,1400.0,1,0.00939327,0.0071306,0.00226267,0.00580636,0.238882,0.0177329,1.39539
0.0,1242.0,557.0,1400.0,2,0.0830026,0.0381683,0.0448343,0.109248,0.915122,0.00176949,0.36425
0.1,1242.0,557.0,1400.0,1,0.00942538,0.00716372,0.00226166,0.00580426,0.239147,0.0178395,1.39384
0.1,1242.0,557.0,1400.0,2,0.0852199,0.0407881,0.0444318,0.108329,0.914419,0.00181255,0.36453
0.5,1242.0,557.0,1400.0,1,0.0094401,0.00718905,0.00225105,0.00578556,0.239132,0.0178431,1.39393
0.5,1242.0,557.0,1400.0,2,0.0866556,0.0418845,0.0447712,0.109694,0.915945,0.00183935,0.363923
1.0,1242.0,557.0,1400.0,1,0.00946674,0.00722903,0.00223771,0.00576207,0.239073,0.0178196,1.39428
1.0,1242.0,557.0,1400.0,2,0.0880717,0.0428074,0.0452643,0.111563,0.917898,0.00186528,0.363149
2.0,1242.0,557.0,1400.0,1,0.00955015,0.0073409,0.00220925,0.00570889,0.238978,0.0177537,1.39483
2.0,1242.0,557.0,1400.0,2,0.0903895,0.0443538,0.0460357,0.114626,0.921311,0.00190689,0.361803
3.0,1242.0,557.0,1400.0,1,0.00965665,0.00747647,0.00218019,0.00565276,0.23891,0.0176778,1.39523
3.0,1242.0,557.0,1400.0,2,0.0923526,0.0457411,0.0466115,0.117074,0.924227,0.00194142,0.360662
4.0,1242.0,557.0,1400.0,1,0.00977242,0.00762019,0.00215223,0.00559816,0.238854,0.0175988,1.39556
4.0,1242.0,557.0,1400.0,2,0.0940065,0.0469767,0.0470298,0.119024,0.926741,0.00196992,0.359684
5.0,1242.0,557.0,1400.0,1,0.00988951,0.00776411,0.00212539,0.00554539,0.238804,0.0175214,1.39585
5.0,1242.0,557.0,1400.0,2,0.0954175,0.0480905,0.0473269,0.120588,0.928934,0.00199372,0.358834
6.0,1242.0,557.0,1400.0,1,0.0100038,0.00790425,0.00209956,0.00549431,0.238757,0.0174477,1.39612
6.0,1242.0,557.0,1400.0,2,0.0966325,0.0491043,0.0475282,0.121842,0.930865,0.00201379,0.35809
7.0,1242.0,557.0,1400.0,1,0.0101135,0.00803875,0.00207472,0.00544497,0.238713,0.0173787,1.39638
7.0,1242.0,557.0,1400.0,2,0.097686,0.0500339,0.0476521,0.122844,0.93258,0.0020308,0.357431
8.0,1242.0,557.0,1400.0,1,0.0102174,0.00816672,0.00205072,0.00539701,0.238669,0.0173148,1.39663
8.0,1242.0,557.0,1400.0,2,0.0986037,0.0508915,0.0477122,0.123635,0.934111,0.00204528,0.356846
9.0,1242.0,557.0,1400.0,1,0.0103158,0.00828824,0.00202757,0.00535053,0.238626,0.0172557,1.39689
9.0,1242.0,557.0,1400.0,2,0.0994057,0.0516865,0.0477192,0.124248,0.935486,0.00205761,0.356321
10.0,1242.0,557.0,1400.0,1,0.010409,0.00840367,0.00200533,0.00530579,0.238583,0.017201,1.39714
10.0,1242.0,557.0,1400.0,2,0.100108,0.0524266,0.0476815,0.124708,0.936727,0.00206809,0.355849
11.0,1242.0,557.0,1400.0,1,0.0104974,0.00851346,0.00198394,0.00526265,0.23854,0.0171502,1.39739
11.0,1242.0,557.0,1400.0,2,0.100724,0.0531182,0.0476055,0.125036,0.937852,0.00207696,0.355422
12.5,1242.0,557.0,1400.0,1,0.0106209,0.0086676,0.00195334,0.00520077,0.238476,0.0170812,1.39777
12.5,1242.0,557.0,1400.0,2,0.101492,0.0540661,0.0474262,0.1253,0.93934,0.00208745,0.354859
15.0,1242.0,557.0,1400.0,1,0.0108071,0.00890129,0.00190583,0.00510419,0.238369,0.0169817,1.39839
15.0,1242.0,557.0,1400.0,2,0.102464,0.055462,0.0470023,0.125285,0.9414,0.00209933,0.354083
17.5,1242.0,557.0,1400.0,1,0.0109768,0.00911625,0.00186059,0.00501085,0.238265,0.0168959,1.399
17.5,1242.0,557.0,1400.0,2,0.103183,0.0566993,0.0464834,0.124884,0.943105,0.00210646,0.353442
20.0,1242.0,557.0,1400.0,1,0.0111319,0.00931328,0.00181861,0.00492341,0.238161,0.0168214,1.39961
20.0,1242.0,557.0,1400.0,2,0.103683,0.0577899,0.0458928,0.124177,0.94451,0.0021096,0.352917
22.5,1242.0,557.0,1400.0,1,0.0112754,0.00949579,0.00177957,0.0048413,0.238058,0.0167554,1.40022
22.5,1242.0,557.0,1400.0,2,0.104017,0.058759,0.0452579,0.123249,0.945677,0.00210977,0.352481
25.0,1242.0,557.0,1400.0,1,0.0114096,0.00966608,0.00174355,0.00476494,0.237953,0.0166957,1.40084
25.0,1242.0,557.0,1400.0,2,0.104229,0.0596276,0.0446019,0.122177,0.946654,0.00210781,0.352117
27.5,1242.0,557.0,1400.0,1,0.0115363,0.00982573,0.00171053,0.00469449,0.237846,0.0166407,1.40147
27.5,1242.0,557.0,1400.0,2,0.104354,0.0604118,0.0439424,0.121017,0.947477,0.00210438,0.351812
30.0,1242.0,557.0,1400.0,1,0.0116558,0.00997576,0.00168005,0.00462901,0.237737,0.0165899,1.40211
30.0,1242.0,557.0,1400.0,2,0.104419,0.0611249,0.0432939,0.119818,0.948172,0.00209999,0.351554
32.5,1242.0,557.0,1400.0,1,0.0117681,0.0101163,0.00165183,0.00456799,0.237624,0.0165428,1.40277
32.5,1242.0,557.0,1400.0,2,0.104445,0.0617775,0.0426674,0.118616,0.948761,0.00209508,0.351336
35.0,1242.0,557.0,1400.0,1,0.0118735,0.0102475,0.001626,0.00451185,0.237508,0.0164992,1.40346
35.0,1242.0,557.0,1400.0,2,0.104449,0.0623779,0.0420714,0.117441,0.949259,0.00208999,0.351151
37.5,1242.0,557.0,1400.0,1,0.0119735,0.010371,0.00160248,0.00446058,0.237389,0.0164574,1.40417
37.5,1242.0,557.0,1400.0,2,0.104445,0.0629333,0.0415119,0.116317,0.949681,0.00208494,0.350995
40.0,1242.0,557.0,1400.0,1,0.0120689,0.0104877,0.00158123,0.00441417,0.237265,0.0164169,1.4049
40.0,1242.0,557.0,1400.0,2,0.104443,0.06345,0.0409933,0.11526,0.950038,0.00208016,0.350863
42.5,1242.0,557.0,1400.0,1,0.0121603,0.0105982,0.00156208,0.00437234,0.237138,0.0163772,1.40565
42.5,1242.0,557.0,1400.0,2,0.104451,0.0639331,0.0405182,0.114283,0.950339,0.00207577,0.350752
45.0,1242.0,557.0,1400.0,1,0.0122477,0.0107028,0.00154484,0.00433467,0.237006,0.0163382,1.40643
45.0,1242.0,557.0,1400.0,2,0.104475,0.0643871,0.0400881,0.113394,0.950593,0.0020719,0.350658
47.5,1242.0,557.0,1400.0,1,0.0123314,0.010802,0.0015294,0.004301,0.23687,0.0162995,1.40724
47.5,1242.0,557.0,1400.0,2,0.104519,0.0648158,0.0397032,0.112598,0.950805,0.0020686,0.35058
50.0,1242.0,557.0,1400.0,1,0.0124118,0.0108961,0.00151567,0.00427119,0.236731,0.016261,1.40807
50.0,1242.0,557.0,1400.0,2,0.104585,0.0652223,0.0393629,0.111896,0.950981,0.00206592,0.350515
52.5,1242.0,557.0,1400.0,1,0.0124889,0.0109854,0.00150355,0.00424504,0.236587,0.0162227,1.40892
52.5,1242.0,557.0,1400.0,2,0.104675,0.0656092,0.0390655,0.111289,0.951126,0.00206386,0.350462
55.0,1242.0,557.0,1400.0,1,0.0125631,0.0110702,0.00149289,0.00422226,0.23644,0.0161845,1.4098
55.0,1242.0,557.0,1400.0,2,0.104788,0.0659788,0.0388092,0.110773,0.951245,0.00206243,0.350418
57.5,1242.0,557.0,1400.0,1,0.0126344,0.0111508,0.00148358,0.00420256,0.23629,0.0161462,1.4107
57.5,1242.0,557.0,1400.0,2,0.104924,0.0663328,0.0385911,0.110344,0.951339,0.00206159,0.350383
60.0,1242.0,557.0,1400.0,1,0.0127029,0.0112275,0.00147547,0.00418567,0.236136,0.0161081,1.41161
60.0,1242.0,557.0,1400.0,2,0.105081,0.0666727,0.0384088,0.109996,0.951413,0.00206131,0.350356
0.0,1242.0,557.0,1600.0,1,0.00946084,0.00719606,0.00226478,0.00581116,0.239101,0.0177786,1.39411
0.0,1242.0,557.0,1600.0,2,0.0848443,0.0401438,0.0447005,0.108922,0.914492,0.00180266,0.364501
0.1,1242.0,557.0,1600.0,1,0.00949252,0.00722883,0.00226369,0.00580893,0.239359,0.0178822,1.39261
0.1,1242.0,557.0,1600.0,2,0.0870614,0.0427596,0.0443018,0.108013,0.913803,0.00184573,0.364776
0.5,1242.0,557.0,1600.0,1,0.00950721,0.007254,0.00225321,0.00579064,0.239339,0.0178837,1.39273
0.5,1242.0,557.0,1600.0,2,0.0885285,0.0438678,0.0446607,0.109434,0.915358,0.0018731,0.364156
1.0,1242.0,557.0,1600.0,1,0.00953408,0.00729404,0.00224004,0.00576772,0.239274,0.0178581,1.3931
1.0,1242.0,557.0,1600.0,2,0.0899839,0.0448065,0.0451774,0.111369,0.917343,0.00189975,0.363368
2.0,1242.0,557.0,1600.0,1,0.00961829,0.00740638,0.00221192,0.0057156,0.239172,0.0177882,1.3937
2.0,1242.0,557.0,1600.0,2,0.0923697,0.0463792,0.0459904,0.11455,0.920807,0.00194257,0.362001
3.0,1242.0,557.0,1600.0,1,0.00972566,0.00754244,0.00218322,0.00566059,0.239097,0.0177087,1.39414
3.0,1242.0,557.0,1600.0,2,0.0943943,0.0477904,0.0466039,0.117103,0.923764,0.0019782,0.360843
4.0,1242.0,557.0,1600.0,1,0.00984214,0.0076865,0.00215564,0.00560712,0.239034,0.0176266,1.3945
4.0,1242.0,557.0,1600.0,2,0.0961041,0.0490472,0.0470569,0.11915,0.926311,0.00200768,0.35985
5.0,1242.0,557.0,1600.0,1,0.00995981,0.00783058,0.00212922,0.00555558,0.238979,0.0175464,1.39482
5.0,1242.0,557.0,1600.0,2,0.0975667,0.0501802,0.0473865,0.120804,0.928532,0.0020324,0.35899
6.0,1242.0,557.0,1600.0,1,0.0100745,0.0079707,0.0021038,0.00550567,0.238928,0.0174704,1.39512
6.0,1242.0,557.0,1600.0,2,0.09883,0.0512114,0.0476186,0.122144,0.930487,0.00205332,0.358236
7.0,1242.0,557.0,1600.0,1,0.0101844,0.00810506,0.00207939,0.00545756,0.238878,0.0173992,1.39541
7.0,1242.0,557.0,1600.0,2,0.0999292,0.0521572,0.047772,0.123227,0.932221,0.00207114,0.357569
8.0,1242.0,557.0,1600.0,1,0.0102886,0.00823279,0.00205578,0.0054107,0.23883,0.0173334,1.3957
8.0,1242.0,557.0,1600.0,2,0.10089,0.0530299,0.0478606,0.124096,0.93377,0.00208639,0.356976
9.0,1242.0,557.0,1600.0,1,0.0103871,0.00835403,0.00203306,0.00536544,0.238782,0.0172726,1.39597
9.0,1242.0,557.0,1600.0,2,0.101734,0.0538391,0.047895,0.124784,0.935161,0.00209946,0.356445
10.0,1242.0,557.0,1600.0,1,0.0104804,0.00846914,0.00201125,0.00532191,0.238735,0.0172162,1.39625
10.0,1242.0,557.0,1600.0,2,0.102477,0.0545928,0.0478839,0.125317,0.936417,0.00211065,0.355967
11.0,1242.0,557.0,1600.0,1,0.0105689,0.00857858,0.00199029,0.00527997,0.238688,0.0171638,1.39652
11.0,1242.0,557.0,1600.0,2,0.103131,0.0552973,0.0478338,0.125715,0.937556,0.00212022,0.355534
12.5,1242.0,557.0,1600.0,1,0.0106925,0.00873218,0.00196032,0.00521985,0.238619,0.0170926,1.39693
12.5,1242.0,557.0,1600.0,2,0.103954,0.0562627,0.0476915,0.12608,0.93906,0.00213167,0.354965
15.0,1242.0,557.0,1600.0,1,0.0108788,0.00896495,0.00191385,0.00512616,0.238504,0.0169898,1.3976
15.0,1242.0,557.0,1600.0,2,0.105011,0.057685,0.0473255,0.126221,0.941144,0.00214505,0.354179
17.5,1242.0,557.0,1600.0,1,0.0110487,0.00917906,0.00186966,0.00503571,0.238392,0.0169008,1.39826
17.5,1242.0,557.0,1600.0,2,0.105811,0.0589487,0.0468625,0.125973,0.942873,0.00215363,0.35353
20.0,1242.0,557.0,1600.0,1,0.0112039,0.00937525,0.00182861,0.00495084,0.238281,0.0168234,1.39891
20.0,1242.0,557.0,1600.0,2,0.106389,0.0600642,0.0463244,0.125407,0.944298,0.00215814,0.352996
22.5,1242.0,557.0,1600.0,1,0.0113473,0.00955688,0.00179044,0.00487116,0.238171,0.0167547,1.39956
22.5,1242.0,557.0,1600.0,2,0.106797,0.0610573,0.0457395,0.124616,0.945484,0.00215963,0.352553
25.0,1242.0,557.0,1600.0,1,0.0114816,0.00972635,0.00175521,0.00479701,0.238059,0.0166926,1.40021
25.0,1242.0,557.0,1600.0,2,0.107079,0.0619488,0.0451301,0.123671,0.946478,0.0021589,0.352183
27.5,1242.0,557.0,1600.0,1,0.0116081,0.00988519,0.00172293,0.00472864,0.237947,0.0166352,1.40087
27.5,1242.0,557.0,1600.0,2,0.107269,0.062755,0.0445143,0.122631,0.947317,0.00215661,0.351871
30.0,1242.0,557.0,1600.0,1,0.0117276,0.0100345,0.00169316,0.00466514,0.237832,0.0165821,1.40155
30.0,1242.0,557.0,1600.0,2,0.107395,0.0634891,0.0439059,0.121542,0.948028,0.0021533,0.351607
32.5,1242.0,557.0,1600.0,1,0.01184,0.0101744,0.00166558,0.00460593,0.237715,0.0165328,1.40224
32.5,1242.0,557.0,1600.0,2,0.107478,0.0641618,0.043316,0.120441,0.948633,0.00214937,0.351383
35.0,1242.0,557.0,1600.0,1,0.0119452,0.0103049,0.00164029,0.00455138,0.237594,0.0164872,1.40295
35.0,1242.0,557.0,1600.0,2,0.107535,0.0647816,0.0427535,0.11936,0.949146,0.00214519,0.351193
37.5,1242.0,557.0,1600.0,1,0.0120452,0.0104279,0.00161724,0.00450148,0.23747,0.0164436,1.40369
37.5,1242.0,557.0,1600.0,2,0.10758,0.0653556,0.0422242,0.11832,0.949583,0.00214097,0.351031
40.0,1242.0,557.0,1600.0,1,0.0121405,0.0105441,0.00159638,0.00445626,0.237342,0.0164014,1.40444
40.0,1242.0,557.0,1600.0,2,0.107622,0.0658899,0.0417323,0.117339,0.949954,0.00213693,0.350894
42.5,1242.0,557.0,1600.0,1,0.0122318,0.0106542,0.00157758,0.00441548,0.237211,0.0163602,1.40522
42.5,1242.0,557.0,1600.0,2,0.107671,0.0663897,0.0412809,0.11643,0.950269,0.00213321,0.350778
45.0,1242.0,557.0,1600.0,1,0.0123191,0.0107585,0.00156063,0.00437873,0.237076,0.0163197,1.40602
45.0,1242.0,557.0,1600.0,2,0.107731,0.0668597,0.0408713,0.1156,0.950536,0.00212993,0.350679
47.5,1242.0,557.0,1600.0,1,0.0124028,0.0108573,0.00154542,0.00434581,0.236937,0.0162797,1.40684
47.5,1242.0,557.0,1600.0,2,0.107808,0.0673034,0.0405042,0.114856,0.950762,0.00212715,0.350596
50.0,1242.0,557.0,1600.0,1,0.012483,0.0109511,0.00153185,0.00431658,0.236795,0.0162402,1.40769
50.0,1242.0,557.0,1600.0,2,0.107903,0.0677241,0.040179,0.1142,0.950951,0.00212492,0.350526
52.5,1242.0,557.0,1600.0,1,0.0125601,0.0110402,0.00151985,0.0042909,0.236649,0.0162009,1.40856
52.5,1242.0,557.0,1600.0,2,0.108019,0.0681243,0.0398943,0.113631,0.951109,0.00212326,0.350468
55.0,1242.0,557.0,1600.0,1,0.0126341,0.0111248,0.00150929,0.0042685,0.2365,0.0161617,1.40945
55.0,1242.0,557.0,1600.0,2,0.108155,0.0685064,0.0396485,0.113147,0.95124,0.00212215,0.35042
57.5,1242.0,557.0,1600.0,1,0.0127054,0.0112054,0.00150003,0.00424909,0.236347,0.0161226,1.41035
57.5,1242.0,557.0,1600.0,2,0.108311,0.0688721,0.0394391,0.112746,0.951347,0.00212159,0.350381
60.0,1242.0,557.0,1600.0,1,0.0127739,0.0112819,0.00149195,0.00423241,0.236192,0.0160838,1.41128
60.0,1242.0,557.0,1600.0,2,0.108487,0.0692232,0.0392639,0.112422,0.951432,0.00212155,0.350349
0.0,1242.0,557.0,1800.0,1,0.00952795,0.00726115,0.0022668,0.00581577,0.239313,0.0178216,1.39288
0.0,1242.0,557.0,1800.0,2,0.086676,0.0421078,0.0445682,0.108599,0.913887,0.0018356,0.364742
0.1,1242.0,557.0,1800.0,1,0.00955922,0.00729357,0.00226565,0.00581341,0.239563,0.0179224,1.39142
0.1,1242.0,557.0,1800.0,2,0.0888931,0.0447196,0.0441734,0.107701,0.913212,0.00187867,0.365012
0.5,1242.0,557.0,1800.0,1,0.00957388,0.0073186,0.00225528,0.00579555,0.239539,0.0179218,1.39156
0.5,1242.0,557.0,1800.0,2,0.0903914,0.0458397,0.0445517,0.109177,0.914795,0.00190661,0.36438
1.0,1242.0,557.0,1800.0,1,0.00960097,0.00735867,0.0022423,0.0057732,0.23947,0.017894,1.39196
1.0,1242.0,557.0,1800.0,2,0.091886,0.0467942,0.0450919,0.111179,0.916813,0.00193396,0.363578
2.0,1242.0,557.0,1800.0,1,0.00968594,0.00747144,0.00221451,0.00572215,0.239359,0.0178201,1.39261
2.0,1242.0,557.0,1800.0,2,0.0943395,0.0483932,0.0459464,0.114477,0.92033,0.00197799,0.362189
3.0,1242.0,557.0,1800.0,1,0.00979413,0.00760796,0.00218617,0.00566824,0.239277,0.0177371,1.39308
3.0,1242.0,557.0,1800.0,2,0.0964253,0.049828,0.0465973,0.117135,0.923327,0.00201469,0.361013
4.0,1242.0,557.0,1800.0,1,0.00991128,0.00775231,0.00215898,0.00561592,0.239209,0.017652,1.39348
4.0,1242.0,557.0,1800.0,2,0.0981905,0.0511058,0.0470847,0.119278,0.925908,0.00204515,0.360007
5.0,1242.0,557.0,1800.0,1,0.0100295,0.0078965,0.00213298,0.0055656,0.239148,0.0175691,1.39384
5.0,1242.0,557.0,1800.0,2,0.0997042,0.0522577,0.0474465,0.121021,0.928157,0.00207076,0.359135
6.0,1242.0,557.0,1800.0,1,0.0101445,0.00803657,0.00210796,0.00551686,0.239091,0.0174907,1.39417
6.0,1242.0,557.0,1800.0,2,0.101015,0.0533062,0.0477091,0.122445,0.930135,0.00209253,0.358371
7.0,1242.0,557.0,1800.0,1,0.0102547,0.00817075,0.00208397,0.00546995,0.239037,0.0174174,1.39449
7.0,1242.0,557.0,1800.0,2,0.10216,0.054268,0.0478916,0.123609,0.931891,0.00211114,0.357696
8.0,1242.0,557.0,1800.0,1,0.010359,0.00829821,0.00206075,0.0054242,0.238984,0.0173498,1.39479
8.0,1242.0,557.0,1800.0,2,0.103164,0.0551556,0.0480082,0.124554,0.933458,0.00212715,0.357095
9.0,1242.0,557.0,1800.0,1,0.0104576,0.00841915,0.00203846,0.00538014,0.238932,0.0172872,1.3951
9.0,1242.0,557.0,1800.0,2,0.104049,0.0559789,0.0480697,0.125316,0.934866,0.00214094,0.356558
10.0,1242.0,557.0,1800.0,1,0.010551,0.00853392,0.00201708,0.00533781,0.238881,0.0172291,1.39539
10.0,1242.0,557.0,1800.0,2,0.104831,0.0567459,0.0480848,0.125921,0.936136,0.00215283,0.356073
11.0,1242.0,557.0,1800.0,1,0.0106395,0.008643,0.00199654,0.00529706,0.238831,0.0171752,1.39569
11.0,1242.0,557.0,1800.0,2,0.105523,0.057463,0.0480601,0.126389,0.937288,0.00216306,0.355636
12.5,1242.0,557.0,1800.0,1,0.0107632,0.00879604,0.0019672,0.00523869,0.238756,0.0171018,1.39613
12.5,1242.0,557.0,1800.0,2,0.1064,0.0584456,0.0479542,0.126852,0.938811,0.00217546,0.355059
15.0,1242.0,557.0,1800.0,1,0.0109496,0.00902788,0.00192174,0.00514781,0.238632,0.0169958,1.39685
15.0,1242.0,557.0,1800.0,2,0.107539,0.0598938,0.0476449,0.127147,0.940921,0.00219029,0.354263
17.5,1242.0,557.0,1800.0,1,0.0111197,0.00924111,0.00187859,0.00506022,0.238513,0.0169037,1.39755
17.5,1242.0,557.0,1800.0,2,0.10842,0.0611834,0.0472365,0.127047,0.942673,0.00220029,0.353605
20.0,1242.0,557.0,1800.0,1,0.0112748,0.00943641,0.00183843,0.0049778,0.238395,0.0168235,1.39824
20.0,1242.0,557.0,1800.0,2,0.109073,0.0623234,0.0467499,0.126621,0.94412,0.00220613,0.353063
22.5,1242.0,557.0,1800.0,1,0.0114184,0.00961722,0.00180114,0.00490056,0.238278,0.0167521,1.39892
22.5,1242.0,557.0,1800.0,2,0.109553,0.0633398,0.0462133,0.125962,0.945326,0.00220887,0.352612
25.0,1242.0,557.0,1800.0,1,0.0115525,0.00978583,0.00176668,0.00482856,0.238161,0.0166876,1.39961
25.0,1242.0,557.0,1800.0,2,0.109903,0.0642536,0.0456496,0.125141,0.946338,0.00220933,0.352235
27.5,1242.0,557.0,1800.0,1,0.011679,0.00994389,0.00173513,0.00476225,0.238043,0.0166279,1.40031
27.5,1242.0,557.0,1800.0,2,0.110157,0.0650812,0.0450761,0.124217,0.947195,0.00220815,0.351916
30.0,1242.0,557.0,1800.0,1,0.0117985,0.0100924,0.00170605,0.00470069,0.237922,0.0165726,1.40102
30.0,1242.0,557.0,1800.0,2,0.110343,0.0658358,0.0445069,0.123235,0.947923,0.00220587,0.351646
32.5,1242.0,557.0,1800.0,1,0.0119107,0.0102317,0.00167909,0.00464323,0.2378,0.0165213,1.40174
32.5,1242.0,557.0,1800.0,2,0.110481,0.0665282,0.043953,0.122234,0.948544,0.0022029,0.351416
35.0,1242.0,557.0,1800.0,1,0.0120159,0.0103616,0.00165433,0.00459022,0.237675,0.0164738,1.40248
35.0,1242.0,557.0,1800.0,2,0.11059,0.0671668,0.0434231,0.121244,0.949073,0.00219959,0.35122
37.5,1242.0,557.0,1800.0,1,0.0121158,0.0104841,0.00163174,0.00454169,0.237547,0.0164284,1.40323
37.5,1242.0,557.0,1800.0,2,0.110682,0.0677587,0.0429231,0.120287,0.949525,0.00219617,0.351053
40.0,1242.0,557.0,1800.0,1,0.012211,0.0105998,0.00161128,0.00449764,0.237415,0.0163846,1.40401
40.0,1242.0,557.0,1800.0,2,0.110768,0.0683102,0.0424575,0.11938,0.949911,0.00219285,0.35091
42.5,1242.0,557.0,1800.0,1,0.0123022,0.0107094,0.00159281,0.00445789,0.23728,0.0163419,1.40481
42.5,1242.0,557.0,1800.0,2,0.110856,0.0688263,0.0420292,0.118537,0.950241,0.00218977,0.350788
45.0,1242.0,557.0,1800.0,1,0.0123894,0.0108133,0.00157615,0.00442205,0.237142,0.0163,1.40563
45.0,1242.0,557.0,1800.0,2,0.110952,0.0693117,0.0416399,0.117766,0.950522,0.00218706,0.350685
47.5,1242.0,557.0,1800.0,1,0.012473,0.0109118,0.00156117,0.00438988,0.237,0.0162589,1.40647
47.5,1242.0,557.0,1800.0,2,0.11106,0.0697701,0.0412903,0.117073,0.950761,0.00218479,0.350596
50.0,1242.0,557.0,1800.0,1,0.0125532,0.0110054,0.00154778,0.00436127,0.236855,0.0162182,1.40733
50.0,1242.0,557.0,1800.0,2,0.111185,0.0702046,0.0409801,0.116461,0.950964,0.002183,0.350522
52.5,1242.0,557.0,1800.0,1,0.0126301,0.0110942,0.00153591,0.00433607,0.236707,0.0161779,1.40821
52.5,1242.0,557.0,1800.0,2,0.111326,0.0706179,0.0407082,0.115931,0.951135,0.00218171,0.350458
55.0,1242.0,557.0,1800.0,1,0.0127041,0.0111787,0.00152544,0.00431405,0.236555,0.0161378,1.40911
55.0,1242.0,557.0,1800.0,2,0.111485,0.0710122,0.0404731,0.115481,0.951278,0.00218094,0.350406
57.5,1242.0,557.0,1800.0,1,0.0127753,0.0112591,0.00151624,0.00429495,0.236401,0.016098,1.41003
57.5,1242.0,557.0,1800.0,2,0.111662,0.0713896,0.0402728,0.115108,0.951398,0.00218066,0.350362
60.0,1242.0,557.0,1800.0,1,0.0128438,0.0113356,0.0015082,0.00427851,0.236244,0.0160584,1.41097
60.0,1242.0,557.0,1800.0,2,0.111856,0.0717515,0.040105,0.114808,0.951495,0.00218086,0.350326
